Date time, Open, High, Low, Close, MA9, MA26, MA52, MA104, RSI
2021.01.04 00:00:00,1.36504000,1.37037000,1.35418000,1.35680000,1.35161333,1.34358769,1.32897192,1.31510606,57.45095068
2021.01.05 00:00:00,1.35679000,1.36421000,1.35540000,1.36254000,1.35344222,1.34462115,1.32989500,1.31563923,59.96802743
2021.01.06 00:00:00,1.36252000,1.36711000,1.35385000,1.36078000,1.35621111,1.34577423,1.33090981,1.31617846,58.73904829
2021.01.07 00:00:00,1.36065000,1.36332000,1.35326000,1.35625000,1.35701222,1.34670154,1.33190750,1.31668798,55.85927199
2021.01.08 00:00:00,1.35626000,1.36356000,1.35380000,1.35606000,1.35731222,1.34724769,1.33295462,1.31716365,55.92593431
2021.01.11 00:00:00,1.35641000,1.35688000,1.34508000,1.35116000,1.35798444,1.34781346,1.33385769,1.31756875,52.38212942
2021.01.12 00:00:00,1.35112000,1.36700000,1.35040000,1.36626000,1.35978778,1.34862923,1.33516558,1.31810644,60.25289384
2021.01.13 00:00:00,1.36625000,1.37008000,1.36117000,1.36338000,1.35990000,1.34939615,1.33652750,1.31848740,58.35658551
2021.01.14 00:00:00,1.36352000,1.37110000,1.36160000,1.36862000,1.36020556,1.35057808,1.33794288,1.31905385,60.77202787
2021.01.15 00:00:00,1.36858000,1.36975000,1.35724000,1.35820000,1.36036111,1.35144154,1.33922481,1.31940875,54.30391449
2021.01.18 00:00:00,1.35905000,1.35987000,1.35196000,1.35852000,1.35991444,1.35214731,1.34023942,1.31988538,54.02440115
2021.01.19 00:00:00,1.35853000,1.36364000,1.35730000,1.36326000,1.36019000,1.35346154,1.34148327,1.32043356,56.37281102
2021.01.20 00:00:00,1.36291000,1.37186000,1.36234000,1.36504000,1.36116667,1.35508000,1.34245481,1.32091442,57.61139366
2021.01.21 00:00:00,1.36506000,1.37462000,1.36476000,1.37304000,1.36305333,1.35662462,1.34357462,1.32141635,61.78714536
2021.01.22 00:00:00,1.37311000,1.37357000,1.36356000,1.36822000,1.36494889,1.35748885,1.34457365,1.32188125,58.14651208
2021.01.25 00:00:00,1.36837000,1.37237000,1.36487000,1.36743000,1.36507889,1.35812923,1.34535269,1.32219192,57.46288597
2021.01.26 00:00:00,1.36744000,1.37441000,1.36099000,1.37359000,1.36621333,1.35871654,1.34634385,1.32254596,60.90085124
2021.01.27 00:00:00,1.37362000,1.37586000,1.36590000,1.36852000,1.36620222,1.35943808,1.34744154,1.32283702,56.85079543
2021.01.28 00:00:00,1.36856000,1.37455000,1.36301000,1.37181000,1.36771444,1.36042769,1.34844288,1.32319048,58.77781002
2021.01.29 00:00:00,1.37186000,1.37514000,1.36573000,1.36981000,1.36896889,1.36173346,1.34940769,1.32359240,57.46713750
2021.02.01 00:00:00,1.37040000,1.37579000,1.36564000,1.36601000,1.36927444,1.36238615,1.35020615,1.32396144,53.91702671
2021.02.02 00:00:00,1.36596000,1.37105000,1.36113000,1.36669000,1.36945778,1.36289885,1.35096769,1.32444702,54.43062154
2021.02.03 00:00:00,1.36668000,1.36831000,1.36193000,1.36435000,1.36849222,1.36363885,1.35170538,1.32508490,52.34863483
2021.02.04 00:00:00,1.36428000,1.36977000,1.35647000,1.36715000,1.36837333,1.36429731,1.35243962,1.32572933,54.59143869
2021.02.05 00:00:00,1.36715000,1.37399000,1.36603000,1.37363000,1.36906222,1.36473038,1.35323173,1.32662615,57.52996820
2021.02.08 00:00:00,1.37188000,1.37492000,1.36802000,1.37379000,1.36908444,1.36503500,1.35396135,1.32753125,59.32268065
2021.02.09 00:00:00,1.37376000,1.38206000,1.37333000,1.38154000,1.37053111,1.36598654,1.35478712,1.32846356,64.40124659
2021.02.10 00:00:00,1.38154000,1.38659000,1.38024000,1.38314000,1.37179000,1.36677885,1.35570000,1.32937029,65.22774248
2021.02.11 00:00:00,1.38303000,1.38591000,1.38005000,1.38143000,1.37308111,1.36757308,1.35667365,1.33018577,63.20647252
2021.02.12 00:00:00,1.38127000,1.38623000,1.37756000,1.38533000,1.37522778,1.36869154,1.35769654,1.33103269,65.56078524
2021.02.15 00:00:00,1.38505000,1.39191000,1.38491000,1.38997000,1.37781444,1.36999577,1.35862173,1.33197269,68.63728996
2021.02.16 00:00:00,1.38995000,1.39521000,1.38694000,1.39021000,1.38068778,1.37149769,1.35965558,1.33301740,68.70674415
2021.02.17 00:00:00,1.39014000,1.39076000,1.38296000,1.38596000,1.38277778,1.37225538,1.36044231,1.33410442,63.60509898
2021.02.18 00:00:00,1.38626000,1.39857000,1.38396000,1.39725000,1.38540222,1.37355808,1.36147712,1.33530731,70.11696902
2021.02.19 00:00:00,1.39725000,1.40362000,1.39511000,1.40043000,1.38836222,1.37478154,1.36267981,1.33652231,72.22657301
2021.02.22 00:00:00,1.40150000,1.40861000,1.39803000,1.40608000,1.39108889,1.37662308,1.36403231,1.33779010,74.29272913
2021.02.23 00:00:00,1.40608000,1.41172000,1.40543000,1.41126000,1.39421333,1.37865154,1.36539942,1.33902231,76.41536927
2021.02.24 00:00:00,1.41125000,1.42409000,1.40821000,1.41389000,1.39782000,1.38059885,1.36703019,1.34025327,77.30154008
2021.02.25 00:00:00,1.41378000,1.41817000,1.40001000,1.40070000,1.39952778,1.38197038,1.36852519,1.34130183,62.85144030
2021.02.26 00:00:00,1.40091000,1.40262000,1.38877000,1.39270000,1.39983111,1.38272654,1.36967558,1.34230288,56.07638860
2021.03.01 00:00:00,1.39312000,1.39991000,1.39038000,1.39247000,1.40008222,1.38365923,1.37057404,1.34325298,55.55875271
2021.03.02 00:00:00,1.39241000,1.39769000,1.38588000,1.39517000,1.40110556,1.38472615,1.37142769,1.34419077,57.42640933
2021.03.03 00:00:00,1.39515000,1.40062000,1.39207000,1.39486000,1.40084000,1.38554423,1.37213038,1.34522683,57.07285132
2021.03.04 00:00:00,1.39478000,1.40169000,1.38803000,1.38936000,1.39961000,1.38634577,1.37289192,1.34616837,52.01470629
2021.03.05 00:00:00,1.38927000,1.39069000,1.37782000,1.38291000,1.39703556,1.38677269,1.37360019,1.34702712,45.44769440
2021.03.08 00:00:00,1.38106000,1.38649000,1.37999000,1.38198000,1.39378222,1.38724077,1.37448712,1.34776913,46.17700271
2021.03.09 00:00:00,1.38202000,1.39254000,1.38018000,1.38866000,1.39097889,1.38811192,1.37524904,1.34856202,51.76416480
2021.03.10 00:00:00,1.38855000,1.39381000,1.38453000,1.39332000,1.39015889,1.38913615,1.37601750,1.34952202,55.41083900
2021.03.11 00:00:00,1.39331000,1.39954000,1.39187000,1.39891000,1.39084889,1.39046538,1.37705212,1.35046212,59.18721725
2021.03.12 00:00:00,1.39879000,1.40050000,1.38632000,1.39190000,1.39078556,1.39141731,1.37785731,1.35143952,52.85462789
2021.03.15 00:00:00,1.39166000,1.39500000,1.38534000,1.39001000,1.39021222,1.39204731,1.37838885,1.35239413,51.44185452
2021.03.16 00:00:00,1.38996000,1.39060000,1.38092000,1.38919000,1.38958222,1.39263962,1.37883731,1.35330740,50.86068590
2021.03.17 00:00:00,1.38928000,1.39707000,1.38509000,1.39593000,1.39031222,1.39319308,1.37958981,1.35428087,56.08628914
2021.03.18 00:00:00,1.39592000,1.40013000,1.38973000,1.39276000,1.39140667,1.39356308,1.38017096,1.35503298,53.19524568
2021.03.19 00:00:00,1.39277000,1.39592000,1.38308000,1.38632000,1.39188889,1.39375115,1.38066212,1.35578596,45.80845946
2021.03.22 00:00:00,1.38381000,1.38767000,1.38175000,1.38587000,1.39157889,1.39377192,1.38123173,1.35656962,47.40412035
2021.03.23 00:00:00,1.38587000,1.38644000,1.37405000,1.37494000,1.38953667,1.39319385,1.38159481,1.35727471,39.57471144
2021.03.24 00:00:00,1.37498000,1.37572000,1.36740000,1.36870000,1.38618000,1.39236654,1.38193212,1.35789490,35.87393875
2021.03.25 00:00:00,1.36870000,1.37452000,1.36702000,1.37380000,1.38416889,1.39189885,1.38207712,1.35862135,40.68106190
2021.03.26 00:00:00,1.37376000,1.38123000,1.37328000,1.37917000,1.38296444,1.39120346,1.38238077,1.35945413,45.36812999
2021.03.29 00:00:00,1.37916000,1.38468000,1.37552000,1.37598000,1.38149667,1.39026308,1.38252231,1.36023260,43.22697521
2021.03.30 00:00:00,1.37601000,1.37836000,1.37061000,1.37390000,1.37904889,1.38902538,1.38282423,1.36102452,41.75694397
2021.03.31 00:00:00,1.37385000,1.38119000,1.37160000,1.37797000,1.37740556,1.38774500,1.38319827,1.36171885,45.70649520
2021.04.01 00:00:00,1.37816000,1.38364000,1.37462000,1.38316000,1.37705444,1.38656308,1.38358096,1.36253212,49.98017668
2021.04.02 00:00:00,1.38320000,1.38518000,1.38096000,1.38312000,1.37674889,1.38588692,1.38392865,1.36319173,48.99934166
2021.04.05 00:00:00,1.38209000,1.39134000,1.38128000,1.38986000,1.37840667,1.38577769,1.38425212,1.36391337,55.35944120
2021.04.06 00:00:00,1.38986000,1.39186000,1.38020000,1.38221000,1.37990778,1.38538308,1.38452115,1.36454740,48.83228588
2021.04.07 00:00:00,1.38217000,1.38397000,1.37242000,1.37371000,1.37989778,1.38455769,1.38464192,1.36499731,42.84246109
2021.04.08 00:00:00,1.37370000,1.37826000,1.37188000,1.37325000,1.37924000,1.38372654,1.38463538,1.36548962,42.50138229
2021.04.09 00:00:00,1.37319000,1.37508000,1.36700000,1.37024000,1.37860222,1.38299115,1.38466846,1.36605500,41.07469827
2021.04.12 00:00:00,1.37080000,1.37764000,1.36688000,1.37387000,1.37859889,1.38264346,1.38470808,1.36657548,44.12317054
2021.04.13 00:00:00,1.37401000,1.37685000,1.36937000,1.37507000,1.37827667,1.38237769,1.38480923,1.36710846,45.07157900
2021.04.14 00:00:00,1.37500000,1.38084000,1.37462000,1.37773000,1.37767333,1.38195731,1.38503462,1.36762038,47.67545758
2021.04.15 00:00:00,1.37773000,1.38088000,1.37614000,1.37829000,1.37713667,1.38137923,1.38525769,1.36811269,48.17198432
2021.04.16 00:00:00,1.37824000,1.38407000,1.37160000,1.38404000,1.37649000,1.38080731,1.38563635,1.36867087,52.50987316
2021.04.19 00:00:00,1.38300000,1.39925000,1.38095000,1.39846000,1.37829556,1.38105962,1.38623846,1.36933904,63.73098414
2021.04.20 00:00:00,1.39853000,1.40090000,1.39260000,1.39371000,1.38051778,1.38120192,1.38662462,1.36992817,59.11733054
2021.04.21 00:00:00,1.39371000,1.39495000,1.38855000,1.39271000,1.38268000,1.38133731,1.38698846,1.37047490,58.17773725
2021.04.22 00:00:00,1.39272000,1.39494000,1.38235000,1.38381000,1.38418778,1.38087115,1.38703212,1.37090962,50.43736589
2021.04.23 00:00:00,1.38382000,1.38953000,1.38324000,1.38844000,1.38580667,1.38070500,1.38713404,1.37141702,53.03002154
2021.04.26 00:00:00,1.38746000,1.39290000,1.38639000,1.38981000,1.38744444,1.38083923,1.38729519,1.37198442,54.85724596
2021.04.27 00:00:00,1.38980000,1.39239000,1.38585000,1.39107000,1.38892667,1.38103923,1.38740558,1.37255106,55.81325214
2021.04.28 00:00:00,1.39107000,1.39504000,1.38610000,1.39331000,1.39059556,1.38174577,1.38746981,1.37304577,57.48716390
2021.04.29 00:00:00,1.39328000,1.39764000,1.39317000,1.39399000,1.39170111,1.38271846,1.38754250,1.37359904,58.03720932
2021.04.30 00:00:00,1.39398000,1.39580000,1.38025000,1.38125000,1.38978889,1.38300500,1.38745192,1.37394712,46.12529902
2021.05.03 00:00:00,1.38092000,1.39317000,1.38009000,1.39081000,1.38946667,1.38345269,1.38732808,1.37440260,53.88872359
2021.05.04 00:00:00,1.39083000,1.39131000,1.38380000,1.38854000,1.38900333,1.38393577,1.38709942,1.37488962,52.03169182
2021.05.05 00:00:00,1.38856000,1.39259000,1.38760000,1.39033000,1.38972778,1.38456769,1.38679654,1.37541442,53.46115260
2021.05.06 00:00:00,1.39043000,1.39404000,1.38564000,1.38878000,1.38976556,1.38498346,1.38636423,1.37588183,52.00150812
2021.05.07 00:00:00,1.38878000,1.40055000,1.38852000,1.39867000,1.39075000,1.38558000,1.38607154,1.37655087,60.40570711
2021.05.10 00:00:00,1.40046000,1.41580000,1.39939000,1.41166000,1.39303778,1.38667769,1.38628231,1.37740375,66.40867355
2021.05.11 00:00:00,1.41166000,1.41660000,1.41038000,1.41410000,1.39534778,1.38761000,1.38669385,1.37818471,67.56740838
2021.05.12 00:00:00,1.41411000,1.41531000,1.40499000,1.40521000,1.39659444,1.38849462,1.38693885,1.37875644,59.52970419
2021.05.13 00:00:00,1.40520000,1.40780000,1.40056000,1.40491000,1.39922333,1.38969462,1.38712615,1.37927692,59.22757044
2021.05.14 00:00:00,1.40485000,1.41106000,1.40355000,1.40965000,1.40131667,1.39109462,1.38741058,1.37977048,62.15662074
2021.05.17 00:00:00,1.40982000,1.41463000,1.40772000,1.41376000,1.40411889,1.39276846,1.38787981,1.38038587,64.16600525
2021.05.18 00:00:00,1.41360000,1.42199000,1.41294000,1.41846000,1.40724444,1.39448346,1.38856346,1.38108183,66.81654278
2021.05.19 00:00:00,1.41854000,1.42007000,1.40994000,1.41128000,1.40974444,1.39587615,1.38912692,1.38180702,60.00730669
2021.05.20 00:00:00,1.41129000,1.41922000,1.41009000,1.41891000,1.41199333,1.39746000,1.38970865,1.38247885,64.16165436
2021.05.21 00:00:00,1.41891000,1.42334000,1.41405000,1.41504000,1.41236889,1.39887346,1.39012635,1.38307192,60.89947160
2021.05.24 00:00:00,1.41536000,1.41715000,1.41113000,1.41549000,1.41252333,1.40008308,1.39044519,1.38374865,60.94574694
2021.05.25 00:00:00,1.41546000,1.42107000,1.41153000,1.41489000,1.41359889,1.40071500,1.39088731,1.38437231,60.33330119
2021.05.26 00:00:00,1.41483000,1.41757000,1.41122000,1.41157000,1.41433889,1.40140192,1.39130192,1.38484538,57.20054211
2021.05.27 00:00:00,1.41163000,1.42192000,1.40912000,1.42034000,1.41552667,1.40246462,1.39190096,1.38536913,62.70518159
2021.05.28 00:00:00,1.42022000,1.42080000,1.41362000,1.41876000,1.41608222,1.40380885,1.39234000,1.38596490,60.58216206
2021.05.31 00:00:00,1.41811000,1.42174000,1.41635000,1.42093000,1.41635667,1.40505846,1.39288173,1.38652635,62.60473522
2021.06.01 00:00:00,1.42090000,1.42489000,1.41463000,1.41473000,1.41674000,1.40601692,1.39342808,1.38704510,56.43628241
2021.06.02 00:00:00,1.41473000,1.41832000,1.41116000,1.41693000,1.41652000,1.40701154,1.39402538,1.38762856,58.01406664
2021.06.03 00:00:00,1.41692000,1.42026000,1.40863000,1.41039000,1.41600333,1.40766846,1.39470712,1.38815096,51.96021630
2021.06.04 00:00:00,1.41039000,1.42003000,1.40831000,1.41646000,1.41611111,1.40853269,1.39562558,1.38877885,55.54389407
2021.06.07 00:00:00,1.41543000,1.41910000,1.41113000,1.41803000,1.41646000,1.40994731,1.39647615,1.38927663,57.60012739
2021.06.08 00:00:00,1.41801000,1.41844000,1.41209000,1.41548000,1.41689444,1.41089615,1.39717442,1.38977760,55.16889418
2021.06.09 00:00:00,1.41551000,1.41887000,1.41100000,1.41149000,1.41591111,1.41177885,1.39785731,1.39018981,51.21591614
2021.06.10 00:00:00,1.41127000,1.41780000,1.40730000,1.41754000,1.41577556,1.41282538,1.39869654,1.39076038,56.28392466
2021.06.11 00:00:00,1.41759000,1.41850000,1.40958000,1.41128000,1.41470333,1.41369077,1.39933712,1.39126769,49.93970723
2021.06.14 00:00:00,1.41046000,1.41237000,1.40702000,1.41070000,1.41425556,1.41415346,1.39986673,1.39172385,50.10648140
2021.06.15 00:00:00,1.41066000,1.41285000,1.40342000,1.40826000,1.41329222,1.41402269,1.40035019,1.39213942,47.85820256
2021.06.16 00:00:00,1.40810000,1.41325000,1.39819000,1.39839000,1.41195889,1.41341846,1.40051423,1.39238317,40.56681536
2021.06.17 00:00:00,1.39848000,1.40086000,1.38958000,1.39229000,1.40927333,1.41292154,1.40070808,1.39261462,36.62575622
2021.06.18 00:00:00,1.39225000,1.39448000,1.37915000,1.37959000,1.40500222,1.41194769,1.40082115,1.39273154,31.89806754
2021.06.21 00:00:00,1.38123000,1.39368000,1.37862000,1.39326000,1.40253333,1.41131731,1.40120596,1.39292067,41.99771012
2021.06.22 00:00:00,1.39326000,1.39635000,1.38601000,1.39459000,1.40065556,1.41058000,1.40167423,1.39317135,42.98597031
2021.06.23 00:00:00,1.39456000,1.40011000,1.39238000,1.39599000,1.39826111,1.40971577,1.40209962,1.39340385,44.09695929
2021.06.24 00:00:00,1.39598000,1.39860000,1.38895000,1.39216000,1.39613667,1.40898038,1.40242827,1.39361875,41.73190257
2021.06.25 00:00:00,1.39216000,1.39353000,1.38713000,1.38814000,1.39363000,1.40779692,1.40262846,1.39383154,39.48001740
2021.06.28 00:00:00,1.38829000,1.39392000,1.38709000,1.38809000,1.39138889,1.40676038,1.40281692,1.39403731,39.16171467
2021.06.29 00:00:00,1.38786000,1.38847000,1.38139000,1.38351000,1.38973556,1.40553038,1.40280673,1.39422154,36.46126784
2021.06.30 00:00:00,1.38337000,1.38726000,1.37986000,1.38288000,1.38869000,1.40429923,1.40250712,1.39437279,36.20258606
2021.07.01 00:00:00,1.38291000,1.38344000,1.37527000,1.37613000,1.38830556,1.40293615,1.40216904,1.39439683,32.27386465
2021.07.02 00:00:00,1.37604000,1.38443000,1.37308000,1.38316000,1.38718333,1.40150615,1.40198538,1.39448692,39.27122874
2021.07.05 00:00:00,1.38275000,1.38618000,1.38172000,1.38439000,1.38605000,1.40018423,1.40199654,1.39451433,40.72407656
2021.07.06 00:00:00,1.38439000,1.38978000,1.37728000,1.37979000,1.38425000,1.39860192,1.40183019,1.39448212,37.78660017
2021.07.07 00:00:00,1.37984000,1.38416000,1.37537000,1.37991000,1.38288889,1.39726269,1.40163981,1.39446750,37.86132646
2021.07.08 00:00:00,1.37991000,1.38051000,1.37420000,1.37852000,1.38182000,1.39578538,1.40139846,1.39440202,36.91318657
2021.07.09 00:00:00,1.37852000,1.39003000,1.37551000,1.38994000,1.38202556,1.39499885,1.40133365,1.39440173,48.00293197
2021.07.12 00:00:00,1.38951000,1.39097000,1.38390000,1.38805000,1.38253000,1.39390615,1.40121942,1.39438096,46.84170915
2021.07.13 00:00:00,1.38805000,1.39052000,1.38000000,1.38130000,1.38235444,1.39249346,1.40122038,1.39433615,41.80639969
2021.07.14 00:00:00,1.38130000,1.38916000,1.38014000,1.38599000,1.38345000,1.39135923,1.40112769,1.39422788,46.08360564
2021.07.15 00:00:00,1.38592000,1.38987000,1.38049000,1.38264000,1.38339222,1.39024962,1.40101423,1.39405683,43.53351238
2021.07.16 00:00:00,1.38250000,1.38618000,1.37603000,1.37644000,1.38250889,1.38866885,1.40074712,1.39377183,40.35654376
2021.07.19 00:00:00,1.37740000,1.37761000,1.36548000,1.36736000,1.38112778,1.38697962,1.40033519,1.39334971,34.12465246
2021.07.20 00:00:00,1.36733000,1.36894000,1.35718000,1.36257000,1.37920111,1.38512846,1.39964096,1.39285625,31.71386944
2021.07.21 00:00:00,1.36252000,1.37229000,1.35912000,1.37132000,1.37840111,1.38370769,1.39886519,1.39257375,40.05562823
2021.07.22 00:00:00,1.37134000,1.37869000,1.36906000,1.37665000,1.37692444,1.38287154,1.39814500,1.39241942,44.41357796
2021.07.23 00:00:00,1.37657000,1.37798000,1.37198000,1.37459000,1.37542889,1.38219077,1.39755615,1.39224750,44.21031305
2021.07.26 00:00:00,1.37582000,1.38332000,1.37365000,1.38170000,1.37547333,1.38227192,1.39710981,1.39211798,48.77794263
2021.07.27 00:00:00,1.38165000,1.38940000,1.37668000,1.38772000,1.37566556,1.38205885,1.39668808,1.39204933,53.08406658
2021.07.28 00:00:00,1.38772000,1.39106000,1.38426000,1.39001000,1.37648444,1.38188269,1.39623135,1.39205558,54.66234755
2021.07.29 00:00:00,1.39005000,1.39816000,1.38979000,1.39606000,1.37866444,1.38188538,1.39580058,1.39218202,58.34488339
2021.07.30 00:00:00,1.39585000,1.39831000,1.38878000,1.39068000,1.38125556,1.38182846,1.39540442,1.39226567,53.81171398
2021.08.02 00:00:00,1.39035000,1.39322000,1.38755000,1.38844000,1.38413000,1.38184000,1.39481846,1.39226356,52.30658884
2021.08.03 00:00:00,1.38845000,1.39388000,1.38781000,1.39135000,1.38635556,1.38196538,1.39436288,1.39224462,54.43930103
2021.08.04 00:00:00,1.39140000,1.39575000,1.38857000,1.38878000,1.38770333,1.38216808,1.39384923,1.39214721,52.20388299
2021.08.05 00:00:00,1.38877000,1.39488000,1.38721000,1.39285000,1.38973222,1.38255154,1.39342538,1.39215635,55.13211841
2021.08.06 00:00:00,1.39269000,1.39326000,1.38613000,1.38736000,1.39036111,1.38298346,1.39295981,1.39213087,50.59731545
2021.08.09 00:00:00,1.38740000,1.38943000,1.38406000,1.38448000,1.39000111,1.38303423,1.39227019,1.39208558,48.42480935
2021.08.10 00:00:00,1.38469000,1.38724000,1.38276000,1.38362000,1.38929111,1.38300462,1.39159442,1.39196721,47.47477171
2021.08.11 00:00:00,1.38355000,1.38877000,1.38027000,1.38626000,1.38820222,1.38325346,1.39092769,1.39190471,50.33837409
2021.08.12 00:00:00,1.38668000,1.38785000,1.37949000,1.38050000,1.38707111,1.38327615,1.39026942,1.39184875,44.97978527
2021.08.13 00:00:00,1.38038000,1.38750000,1.37905000,1.38694000,1.38690444,1.38360000,1.38969269,1.39185904,49.54211955
2021.08.16 00:00:00,1.38544000,1.38780000,1.38277000,1.38396000,1.38608333,1.38337000,1.38918442,1.39194577,48.31818231
2021.08.17 00:00:00,1.38396000,1.38450000,1.37260000,1.37436000,1.38448111,1.38284346,1.38837481,1.39200019,40.87620124
2021.08.18 00:00:00,1.37387000,1.37864000,1.37236000,1.37531000,1.38253222,1.38261308,1.38755327,1.39201471,42.16542004
2021.08.19 00:00:00,1.37536000,1.37581000,1.36317000,1.36326000,1.37985444,1.38173885,1.38654904,1.39186173,34.77852589
2021.08.20 00:00:00,1.36326000,1.36434000,1.36021000,1.36227000,1.37738667,1.38095538,1.38560250,1.39172990,34.07062158
2021.08.23 00:00:00,1.36195000,1.37320000,1.36101000,1.37220000,1.37611778,1.38079231,1.38473058,1.39171356,43.51220339
2021.08.24 00:00:00,1.37220000,1.37476000,1.36937000,1.37274000,1.37461556,1.38099923,1.38398942,1.39166327,43.97438083
2021.08.25 00:00:00,1.37274000,1.37666000,1.36967000,1.37631000,1.37415000,1.38152769,1.38332808,1.39159740,46.94143481
2021.08.26 00:00:00,1.37616000,1.37680000,1.36894000,1.36977000,1.37224222,1.38146808,1.38258788,1.39146904,42.43487366
2021.08.27 00:00:00,1.36975000,1.37802000,1.36796000,1.37565000,1.37131889,1.38142962,1.38215058,1.39133240,47.58401876
2021.08.30 00:00:00,1.37583000,1.37748000,1.37337000,1.37561000,1.37145778,1.38146885,1.38182981,1.39126894,47.39614080
2021.08.31 00:00:00,1.37560000,1.38076000,1.37427000,1.37540000,1.37146778,1.38122654,1.38174923,1.39128519,47.14845488
2021.09.01 00:00:00,1.37530000,1.37975000,1.37310000,1.37679000,1.37297111,1.38080615,1.38143250,1.39131923,48.54542017
2021.09.02 00:00:00,1.37679000,1.38393000,1.37655000,1.38315000,1.37529111,1.38054231,1.38121250,1.39144337,54.21534679
2021.09.03 00:00:00,1.38322000,1.38914000,1.38177000,1.38578000,1.37680000,1.38014692,1.38101615,1.39155788,56.32894731
2021.09.06 00:00:00,1.38584000,1.38670000,1.38183000,1.38342000,1.37798667,1.37986769,1.38084808,1.39163817,53.63778757
2021.09.07 00:00:00,1.38320000,1.38565000,1.37675000,1.37838000,1.37821667,1.37948077,1.38066038,1.39164442,48.92486438
2021.09.08 00:00:00,1.37826000,1.37902000,1.37261000,1.37710000,1.37903111,1.37893269,1.38044904,1.39163298,47.84407149
2021.09.09 00:00:00,1.37708000,1.38624000,1.37530000,1.38354000,1.37990778,1.37873115,1.38044962,1.39162817,53.79832489
2021.09.10 00:00:00,1.38349000,1.38882000,1.38254000,1.38296000,1.38072444,1.37835077,1.38045115,1.39147913,54.14769260
2021.09.13 00:00:00,1.38391000,1.38509000,1.37965000,1.38388000,1.38166667,1.37821692,1.38060019,1.39138462,53.89870266
2021.09.14 00:00:00,1.38369000,1.39129000,1.38032000,1.38074000,1.38210556,1.37807308,1.38055365,1.39126952,50.58075984
2021.09.15 00:00:00,1.38065000,1.38530000,1.37920000,1.38407000,1.38220778,1.37809038,1.38054750,1.39127202,53.81782107
2021.09.16 00:00:00,1.38390000,1.38522000,1.37640000,1.37938000,1.38149667,1.37782577,1.38053962,1.39118490,48.75971373
2021.09.17 00:00:00,1.37916000,1.38125000,1.37267000,1.37272000,1.38030778,1.37752654,1.38040135,1.39102058,44.53773360
2021.09.20 00:00:00,1.37420000,1.37498000,1.36406000,1.36572000,1.37890111,1.37671038,1.38015519,1.39077683,37.65301556
2021.09.21 00:00:00,1.36578000,1.36927000,1.36410000,1.36585000,1.37765111,1.37601385,1.37969192,1.39051279,37.77396174
2021.09.22 00:00:00,1.36588000,1.36894000,1.36092000,1.36148000,1.37520000,1.37551846,1.37918096,1.39020019,34.70854263
2021.09.23 00:00:00,1.36153000,1.37503000,1.36120000,1.37191000,1.37397222,1.37538769,1.37900038,1.39011038,45.94212583
2021.09.24 00:00:00,1.37182000,1.37360000,1.36579000,1.36709000,1.37210667,1.37553500,1.37863692,1.38988231,41.65873538
2021.09.27 00:00:00,1.36616000,1.37285000,1.36567000,1.36986000,1.37089778,1.37582692,1.37839115,1.38970269,45.05064273
2021.09.28 00:00:00,1.36985000,1.37169000,1.35205000,1.35367000,1.36752000,1.37511423,1.37795327,1.38935019,34.67030808
2021.09.29 00:00:00,1.35348000,1.35548000,1.34115000,1.34253000,1.36342556,1.37395231,1.37747577,1.38890548,29.70539281
2021.09.30 00:00:00,1.34245000,1.35173000,1.34153000,1.34728000,1.36059889,1.37283577,1.37718173,1.38841135,34.02531408
2021.10.01 00:00:00,1.34709000,1.35755000,1.34332000,1.35427000,1.35932667,1.37223962,1.37685385,1.38785952,40.85670799
2021.10.04 00:00:00,1.35527000,1.36398000,1.35314000,1.36071000,1.35875556,1.37166500,1.37654731,1.38734615,44.88546735
2021.10.05 00:00:00,1.36061000,1.36477000,1.35845000,1.36253000,1.35887222,1.37116192,1.37631538,1.38693577,46.13269552
2021.10.06 00:00:00,1.36230000,1.36312000,1.35436000,1.35808000,1.35733556,1.37049577,1.37586115,1.38648548,43.49430486
2021.10.07 00:00:00,1.35807000,1.36379000,1.35701000,1.36154000,1.35671889,1.36990923,1.37535769,1.38602288,46.09343898
2021.10.08 00:00:00,1.36137000,1.36583000,1.35833000,1.36176000,1.35581889,1.36908654,1.37481442,1.38552288,46.42940568
2021.10.11 00:00:00,1.36181000,1.36734000,1.35839000,1.35937000,1.35645222,1.36807077,1.37410885,1.38495471,44.60145061
2021.10.12 00:00:00,1.35927000,1.36372000,1.35686000,1.35866000,1.35824444,1.36711846,1.37349308,1.38444875,44.09215761
2021.10.13 00:00:00,1.35858000,1.36644000,1.35752000,1.36577000,1.36029889,1.36663346,1.37305712,1.38393779,50.29999082
2021.10.14 00:00:00,1.36566000,1.37341000,1.36502000,1.36714000,1.36172889,1.36625038,1.37259154,1.38347721,51.36206718
2021.10.15 00:00:00,1.36697000,1.37729000,1.36675000,1.37442000,1.36325222,1.36589962,1.37231538,1.38308231,57.50800284
2021.10.18 00:00:00,1.37501000,1.37647000,1.37093000,1.37264000,1.36437556,1.36550269,1.37192673,1.38267606,55.37826745
2021.10.19 00:00:00,1.37261000,1.38338000,1.37204000,1.37931000,1.36673444,1.36532692,1.37177192,1.38236587,59.79075857
2021.10.20 00:00:00,1.37898000,1.38346000,1.37422000,1.38227000,1.36903778,1.36538577,1.37172942,1.38199981,61.93940975
2021.10.21 00:00:00,1.38217000,1.38332000,1.37762000,1.37909000,1.37096333,1.36519423,1.37164231,1.38161837,58.58512966
2021.10.22 00:00:00,1.37891000,1.38146000,1.37358000,1.37594000,1.37280444,1.36506192,1.37144385,1.38118577,54.20913460
2021.10.25 00:00:00,1.37449000,1.37921000,1.37411000,1.37645000,1.37478111,1.36520538,1.37136596,1.38081769,56.03880679
2021.10.26 00:00:00,1.37644000,1.38293000,1.37566000,1.37662000,1.37598667,1.36562462,1.37116750,1.38043010,55.72930317
2021.10.27 00:00:00,1.37622000,1.37806000,1.37092000,1.37416000,1.37676667,1.36594423,1.37097904,1.38008173,53.18912934
2021.10.28 00:00:00,1.37393000,1.38147000,1.37218000,1.37923000,1.37730111,1.36662692,1.37107269,1.37972375,57.97801766
2021.10.29 00:00:00,1.37921000,1.38041000,1.36681000,1.36920000,1.37691889,1.36652269,1.37095519,1.37925423,47.21595994
2021.11.01 00:00:00,1.36830000,1.36932000,1.36417000,1.36644000,1.37548889,1.36649769,1.37101635,1.37878269,45.62607796
2021.11.02 00:00:00,1.36639000,1.36675000,1.36049000,1.36154000,1.37318556,1.36617769,1.37100231,1.37830240,41.57633011
2021.11.03 00:00:00,1.36127000,1.36913000,1.36070000,1.36830000,1.37198667,1.36674038,1.37092731,1.37782894,48.36152360
2021.11.04 00:00:00,1.36835000,1.36981000,1.34711000,1.34979000,1.36908111,1.36701962,1.37048596,1.37723769,36.19732080
2021.11.05 00:00:00,1.34958000,1.35089000,1.34241000,1.34954000,1.36609111,1.36710654,1.36997115,1.37664962,35.43422170
2021.11.08 00:00:00,1.34819000,1.35792000,1.34499000,1.35636000,1.36384000,1.36718692,1.36971327,1.37615058,42.26484985
2021.11.09 00:00:00,1.35633000,1.36069000,1.35240000,1.35571000,1.36179000,1.36699462,1.36932981,1.37574019,41.84576207
2021.11.10 00:00:00,1.35567000,1.35653000,1.34006000,1.34034000,1.35746889,1.36614115,1.36865154,1.37524067,33.42087676
2021.11.11 00:00:00,1.34004000,1.34328000,1.33583000,1.33698000,1.35388889,1.36532962,1.36791269,1.37483096,31.89304203
2021.11.12 00:00:00,1.33661000,1.34261000,1.33527000,1.34125000,1.35109000,1.36454923,1.36722923,1.37433087,35.96380233
2021.11.15 00:00:00,1.34123000,1.34493000,1.34028000,1.34128000,1.34883889,1.36376154,1.36642404,1.37381827,36.00213368
2021.11.16 00:00:00,1.34128000,1.34728000,1.34052000,1.34274000,1.34599889,1.36312192,1.36559635,1.37330625,37.41802432
2021.11.17 00:00:00,1.34272000,1.34961000,1.33956000,1.34890000,1.34590000,1.36274654,1.36493250,1.37289029,43.16301958
2021.11.18 00:00:00,1.34886000,1.35134000,1.34633000,1.34978000,1.34592667,1.36213154,1.36438250,1.37252144,43.81198149
2021.11.19 00:00:00,1.34955000,1.35092000,1.34068000,1.34449000,1.34460778,1.36126038,1.36375538,1.37210221,40.59790694
2021.11.22 00:00:00,1.34475000,1.34580000,1.33841000,1.33943000,1.34279889,1.35991462,1.36290712,1.37167837,37.17356055
2021.11.23 00:00:00,1.33944000,1.34091000,1.33421000,1.33772000,1.34250778,1.35857154,1.36203712,1.37124413,36.03359502
2021.11.24 00:00:00,1.33757000,1.33900000,1.33154000,1.33267000,1.34202889,1.35677769,1.36105231,1.37082625,33.14355426
2021.11.25 00:00:00,1.33259000,1.33532000,1.33050000,1.33209000,1.34101111,1.35484769,1.36011673,1.37033519,32.75596177
2021.11.26 00:00:00,1.33192000,1.33647000,1.32779000,1.33275000,1.34006333,1.35306538,1.35912981,1.36983865,34.73457590
2021.11.29 00:00:00,1.33358000,1.33629000,1.32873000,1.33132000,1.33879444,1.35134923,1.35820558,1.36937260,32.65294949
2021.11.30 00:00:00,1.33118000,1.33701000,1.31938000,1.32985000,1.33667778,1.34955692,1.35738115,1.36889125,31.71583260
2021.12.01 00:00:00,1.32975000,1.33520000,1.32615000,1.32756000,1.33420889,1.34767000,1.35664731,1.36840125,30.17637085
2021.12.02 00:00:00,1.32739000,1.33333000,1.32694000,1.33020000,1.33262111,1.34597923,1.35596173,1.36782683,33.76977108
2021.12.03 00:00:00,1.32972000,1.33102000,1.32087000,1.32301000,1.33079667,1.34381692,1.35522192,1.36720144,31.16184444
2021.12.06 00:00:00,1.32425000,1.32858000,1.32219000,1.32627000,1.32952444,1.34216577,1.35434423,1.36667231,33.70001286
2021.12.07 00:00:00,1.32602000,1.32892000,1.32087000,1.32421000,1.32858444,1.34054154,1.35351962,1.36607827,32.39319197
2021.12.08 00:00:00,1.32410000,1.32609000,1.31603000,1.32032000,1.32727667,1.33895615,1.35256692,1.36547904,30.00259033
2021.12.09 00:00:00,1.32036000,1.32222000,1.31707000,1.32190000,1.32607111,1.33717154,1.35195596,1.36495462,32.22080702
2021.12.10 00:00:00,1.32186000,1.32753000,1.31867000,1.32629000,1.32551222,1.33626769,1.35164365,1.36455971,37.42995233
2021.12.13 00:00:00,1.32520000,1.32687000,1.32065000,1.32150000,1.32458444,1.33518923,1.35114788,1.36416481,34.39983644
2021.12.14 00:00:00,1.32113000,1.32563000,1.31908000,1.32291000,1.32406778,1.33390269,1.35054481,1.36369933,36.40205017
2021.12.15 00:00:00,1.32268000,1.32826000,1.31717000,1.32618000,1.32362111,1.33276692,1.34988077,1.36321404,40.55478401
2021.12.16 00:00:00,1.32578000,1.33743000,1.32412000,1.33221000,1.32464333,1.33245423,1.34929769,1.36280654,47.62908470
2021.12.17 00:00:00,1.33187000,1.33392000,1.32300000,1.32360000,1.32434667,1.33193962,1.34863462,1.36224788,40.64719886
2021.12.20 00:00:00,1.32370000,1.32445000,1.31732000,1.32067000,1.32395333,1.33114808,1.34784865,1.36160317,38.29106329
2021.12.21 00:00:00,1.32059000,1.32704000,1.31972000,1.32639000,1.32462778,1.33057538,1.34716846,1.36099144,44.52177190
2021.12.22 00:00:00,1.32628000,1.33632000,1.32398000,1.33527000,1.32611333,1.33028808,1.34670500,1.36040692,52.64830055
2021.12.23 00:00:00,1.33526000,1.34379000,1.33405000,1.34109000,1.32775778,1.32998769,1.34636712,1.35993010,57.04877236
2021.12.24 00:00:00,1.34108000,1.34206000,1.33902000,1.33972000,1.32978222,1.32960077,1.34586615,1.35946163,54.87101209
2021.12.27 00:00:00,1.33884000,1.34449000,1.33843000,1.34405000,1.33213111,1.32958385,1.34542212,1.35900683,58.79090885
2021.12.28 00:00:00,1.34389000,1.34617000,1.34151000,1.34311000,1.33401222,1.32972538,1.34482000,1.35856769,57.82101236
2021.12.29 00:00:00,1.34297000,1.34993000,1.34083000,1.34886000,1.33586222,1.33015385,1.34436269,1.35814471,61.79793726
2021.12.30 00:00:00,1.34856000,1.35213000,1.34544000,1.35002000,1.33879778,1.33082115,1.34379942,1.35778567,62.63388384
2021.12.31 00:00:00,1.34977000,1.35498000,1.34650000,1.35409000,1.34251111,1.33166731,1.34325750,1.35749346,63.78210643
2022.01.03 00:00:00,1.35257000,1.35350000,1.34308000,1.34786000,1.34489667,1.33224846,1.34265692,1.35714962,58.32309041
2022.01.04 00:00:00,1.34765000,1.35575000,1.34597000,1.35282000,1.34684667,1.33307538,1.34221231,1.35682808,61.78199241
2022.01.05 00:00:00,1.35256000,1.35985000,1.35198000,1.35539000,1.34843556,1.33405769,1.34180731,1.35658663,63.60399725
2022.01.06 00:00:00,1.35523000,1.35587000,1.34902000,1.35314000,1.34992667,1.33504154,1.34135577,1.35626163,61.14703447
2022.01.07 00:00:00,1.35311000,1.35972000,1.35251000,1.35905000,1.35159333,1.33615115,1.34106519,1.35602212,63.46132487
2022.01.10 00:00:00,1.35759000,1.36036000,1.35321000,1.35762000,1.35320556,1.33748231,1.34064962,1.35586115,63.32047323
2022.01.11 00:00:00,1.35748000,1.36360000,1.35608000,1.36340000,1.35482111,1.33891038,1.34053808,1.35574663,67.14993516
2022.01.12 00:00:00,1.36332000,1.37141000,1.36205000,1.37006000,1.35704778,1.34067385,1.34060769,1.35581202,70.94813318
2022.01.13 00:00:00,1.37005000,1.37488000,1.36984000,1.37051000,1.35887222,1.34260423,1.34078019,1.35589125,71.15669071
2022.01.14 00:00:00,1.37048000,1.37431000,1.36532000,1.36794000,1.36110333,1.34437500,1.34077327,1.35585029,66.78650233
2022.01.17 00:00:00,1.36719000,1.36898000,1.36372000,1.36447000,1.36239778,1.34584346,1.34105558,1.35577077,63.27826010
2022.01.18 00:00:00,1.36439000,1.36616000,1.35724000,1.35940000,1.36284333,1.34730115,1.34124519,1.35560817,57.44928410
2022.01.19 00:00:00,1.35936000,1.36487000,1.35877000,1.36112000,1.36373000,1.34877077,1.34133673,1.35552500,58.80484397
2022.01.20 00:00:00,1.36105000,1.36615000,1.35870000,1.35983000,1.36381667,1.35006500,1.34141596,1.35537288,57.36889864
2022.01.21 00:00:00,1.35983000,1.36019000,1.35456000,1.35513000,1.36354000,1.35094654,1.34170038,1.35517596,51.59134231
2022.01.24 00:00:00,1.35467000,1.35652000,1.34398000,1.34870000,1.36190667,1.35191192,1.34192577,1.35491923,45.84672353
2022.01.25 00:00:00,1.34867000,1.35187000,1.34359000,1.35025000,1.35970556,1.35304962,1.34209885,1.35466404,47.18558608
2022.01.26 00:00:00,1.34993000,1.35247000,1.34439000,1.34623000,1.35700778,1.35381269,1.34219404,1.35430904,43.73168705
2022.01.27 00:00:00,1.34613000,1.34679000,1.33576000,1.33818000,1.35370111,1.35392462,1.34210635,1.35385135,37.43663453
2022.01.28 00:00:00,1.33802000,1.34329000,1.33649000,1.33942000,1.35091778,1.35386038,1.34192404,1.35342827,38.92100335
2022.01.31 00:00:00,1.33932000,1.34607000,1.33862000,1.34457000,1.34927000,1.35404692,1.34182385,1.35310317,44.57386918
2022.02.01 00:00:00,1.34439000,1.35279000,1.34339000,1.35220000,1.34827889,1.35436038,1.34197212,1.35286375,51.71857416
2022.02.02 00:00:00,1.35197000,1.35867000,1.35144000,1.35764000,1.34803556,1.35491923,1.34232231,1.35261471,56.02851024
2022.02.03 00:00:00,1.35736000,1.36280000,1.35377000,1.35963000,1.34853556,1.35533346,1.34274365,1.35239038,57.62883915
2022.02.04 00:00:00,1.35945000,1.36153000,1.35049000,1.35275000,1.34898556,1.35543846,1.34312981,1.35209106,51.86781813
2022.02.07 00:00:00,1.35350000,1.35508000,1.34905000,1.35356000,1.34935333,1.35541808,1.34354269,1.35182971,51.92779935
2022.02.08 00:00:00,1.35357000,1.35637000,1.35073000,1.35437000,1.35025778,1.35566846,1.34395846,1.35154413,52.63560800
2022.02.09 00:00:00,1.35436000,1.35891000,1.35265000,1.35329000,1.35193667,1.35568654,1.34438096,1.35129327,51.48303767
2022.02.10 00:00:00,1.35325000,1.36434000,1.35231000,1.35569000,1.35374444,1.35569808,1.34487788,1.35112952,53.54822691
2022.02.11 00:00:00,1.35541000,1.36095000,1.35140000,1.35602000,1.35501667,1.35580885,1.34542519,1.35103625,52.87562488
2022.02.14 00:00:00,1.35494000,1.35718000,1.34948000,1.35302000,1.35510778,1.35557692,1.34586404,1.35091288,50.36427666
2022.02.15 00:00:00,1.35276000,1.35666000,1.34865000,1.35371000,1.35467111,1.35542654,1.34645442,1.35083817,51.44133812
2022.02.16 00:00:00,1.35370000,1.36009000,1.35260000,1.35837000,1.35453111,1.35523308,1.34707173,1.35070798,56.42741477
2022.02.17 00:00:00,1.35833000,1.36378000,1.35554000,1.36156000,1.35551000,1.35490615,1.34779000,1.35065481,59.25600564
2022.02.18 00:00:00,1.36134000,1.36427000,1.35732000,1.35923000,1.35614000,1.35447231,1.34853827,1.35055260,55.20678911
2022.02.21 00:00:00,1.35833000,1.36385000,1.35826000,1.36005000,1.35677111,1.35416885,1.34927192,1.35061394,56.93832198
2022.02.22 00:00:00,1.35982000,1.36043000,1.35381000,1.35853000,1.35735333,1.35394038,1.34989192,1.35076779,54.74994179
2022.02.23 00:00:00,1.35828000,1.36203000,1.35359000,1.35428000,1.35719667,1.35374346,1.35052231,1.35083510,49.18940524
2022.02.24 00:00:00,1.35404000,1.35490000,1.32730000,1.33764000,1.35515444,1.35284038,1.35080558,1.35067519,34.55688988
2022.02.25 00:00:00,1.33756000,1.34387000,1.33665000,1.34097000,1.35381556,1.35211500,1.35109000,1.35048538,33.36887427
2022.02.28 00:00:00,1.33302000,1.34316000,1.33230000,1.34179000,1.35249111,1.35160192,1.35127423,1.35028596,39.50829313
2022.03.01 00:00:00,1.34172000,1.34374000,1.33020000,1.33239000,1.34960444,1.35097462,1.35144327,1.35003894,32.99880351
2022.03.02 00:00:00,1.33226000,1.34065000,1.32711000,1.34047000,1.34726111,1.35059846,1.35182404,1.34983635,41.80175645
2022.03.03 00:00:00,1.34034000,1.34177000,1.33173000,1.33469000,1.34453444,1.35015462,1.35198365,1.34957606,37.73170549
2022.03.04 00:00:00,1.33422000,1.33536000,1.32021000,1.32333000,1.34045444,1.34958346,1.35175404,1.34922952,31.21469591
2022.03.07 00:00:00,1.32206000,1.32516000,1.31019000,1.31034000,1.33510000,1.34846500,1.35116269,1.34876490,26.53207538
2022.03.08 00:00:00,1.31037000,1.31443000,1.30815000,1.30999000,1.33017889,1.34713500,1.35059096,1.34822856,26.39531461
2022.03.09 00:00:00,1.31001000,1.31899000,1.30880000,1.31797000,1.32799333,1.34581846,1.35008942,1.34775577,34.17824068
2022.03.10 00:00:00,1.31796000,1.31944000,1.30810000,1.30851000,1.32438667,1.34392885,1.34942404,1.34712202,30.04911975
2022.03.11 00:00:00,1.30837000,1.31249000,1.30273000,1.30365000,1.32014889,1.34177577,1.34855462,1.34645865,28.21167975
2022.03.14 00:00:00,1.30357000,1.30787000,1.30005000,1.30039000,1.31659333,1.33976192,1.34760019,1.34569981,26.98419535
2022.03.15 00:00:00,1.30026000,1.30886000,1.30003000,1.30371000,1.31250889,1.33784462,1.34663135,1.34494442,30.26583725
2022.03.16 00:00:00,1.30362000,1.31565000,1.30354000,1.31456000,1.31027222,1.33631346,1.34599096,1.34432394,39.80462692
2022.03.17 00:00:00,1.31456000,1.32108000,1.30878000,1.31492000,1.30933778,1.33483769,1.34526212,1.34373721,40.06151859
2022.03.18 00:00:00,1.31486000,1.31971000,1.31103000,1.31763000,1.31014778,1.33337385,1.34453596,1.34317163,41.93888411
2022.03.21 00:00:00,1.31696000,1.32100000,1.31268000,1.31643000,1.31086333,1.33185115,1.34383000,1.34259288,41.54484154
2022.03.22 00:00:00,1.31633000,1.32738000,1.31198000,1.32601000,1.31175667,1.33081231,1.34319462,1.34212990,49.16528802
2022.03.23 00:00:00,1.32579000,1.32986000,1.31752000,1.32024000,1.31306000,1.32952500,1.34247577,1.34156269,45.37871870
2022.03.24 00:00:00,1.32016000,1.32140000,1.31569000,1.31826000,1.31468333,1.32798231,1.34160769,1.34107288,44.00196601
2022.03.25 00:00:00,1.31805000,1.32249000,1.31591000,1.31836000,1.31668000,1.32632077,1.34061346,1.34061058,43.95352491
2022.03.28 00:00:00,1.31798000,1.31839000,1.30667000,1.30896000,1.31726333,1.32438731,1.33942981,1.34010500,38.24371472
2022.03.29 00:00:00,1.30892000,1.31599000,1.30511000,1.30916000,1.31666333,1.32243000,1.33829942,1.33953635,38.17260612
2022.03.30 00:00:00,1.30871000,1.31827000,1.30823000,1.31328000,1.31648111,1.32068962,1.33731500,1.33918529,42.30122830
2022.03.31 00:00:00,1.31315000,1.31755000,1.31054000,1.31354000,1.31602667,1.31912269,1.33643308,1.33883913,42.43706511
2022.04.01 00:00:00,1.31327000,1.31508000,1.30862000,1.31110000,1.31543444,1.31810192,1.33547115,1.33840394,39.76716636
2022.04.04 00:00:00,1.30962000,1.31368000,1.30932000,1.31139000,1.31381000,1.31696423,1.33453962,1.33797779,41.03295973
2022.04.05 00:00:00,1.31122000,1.31665000,1.30667000,1.30724000,1.31236556,1.31563538,1.33361865,1.33765952,37.93878073
2022.04.06 00:00:00,1.30710000,1.31079000,1.30451000,1.30658000,1.31106778,1.31464269,1.33280865,1.33736721,37.50770157
2022.04.07 00:00:00,1.30652000,1.31064000,1.30515000,1.30745000,1.30985556,1.31337269,1.33198558,1.33704221,38.47687194
2022.04.08 00:00:00,1.30722000,1.30853000,1.29820000,1.30330000,1.30922667,1.31216538,1.33116000,1.33667702,35.05517384
2022.04.11 00:00:00,1.30283000,1.30564000,1.29891000,1.30293000,1.30853444,1.31138077,1.33048212,1.33629423,35.01670793
2022.04.12 00:00:00,1.30279000,1.30537000,1.29937000,1.29996000,1.30705444,1.31098154,1.32972327,1.33582365,32.83722410
2022.04.13 00:00:00,1.29994000,1.31171000,1.29728000,1.31165000,1.30684444,1.31104538,1.32909019,1.33545702,47.21945993
2022.04.14 00:00:00,1.31153000,1.31473000,1.30331000,1.30753000,1.30644778,1.31064385,1.32823115,1.33510163,43.43345070
2022.04.15 00:00:00,1.30716000,1.30757000,1.30462000,1.30607000,1.30585667,1.31055000,1.32723942,1.33478087,41.66967094
2022.04.18 00:00:00,1.30508000,1.30637000,1.30048000,1.30133000,1.30520000,1.31046077,1.32611827,1.33443096,38.24300018
2022.04.19 00:00:00,1.30071000,1.30407000,1.29805000,1.29969000,1.30443444,1.31043385,1.32509788,1.33411385,37.26383643
2022.04.20 00:00:00,1.29942000,1.30708000,1.29876000,1.30667000,1.30434778,1.31054769,1.32419615,1.33386942,45.53232004
2022.04.21 00:00:00,1.30668000,1.30902000,1.30224000,1.30293000,1.30430667,1.31010038,1.32320692,1.33358269,42.25755921
2022.04.22 00:00:00,1.30279000,1.30349000,1.28230000,1.28380000,1.30218111,1.30890346,1.32187058,1.33312577,30.46387068
2022.04.25 00:00:00,1.28332000,1.28430000,1.26974000,1.27394000,1.29929000,1.30722308,1.32029846,1.33258817,26.54008046
2022.04.26 00:00:00,1.27374000,1.27724000,1.25709000,1.25733000,1.29325444,1.30495000,1.31840058,1.33191288,21.40828022
2022.04.27 00:00:00,1.25717000,1.26019000,1.25026000,1.25441000,1.28735222,1.30219615,1.31650423,1.33118413,20.57282993
2022.04.28 00:00:00,1.25397000,1.25701000,1.24112000,1.24574000,1.28064889,1.29933077,1.31442788,1.33044115,18.55455569
2022.04.29 00:00:00,1.24561000,1.26146000,1.24431000,1.25765000,1.27579556,1.29699962,1.31249096,1.32978135,29.63980967
2022.05.02 00:00:00,1.25813000,1.25968000,1.24729000,1.24896000,1.27015889,1.29433038,1.31032558,1.32905779,26.46465938
2022.05.03 00:00:00,1.24880000,1.25674000,1.24702000,1.24980000,1.26384000,1.29205500,1.30822115,1.32837971,27.06328413
2022.05.04 00:00:00,1.24933000,1.26381000,1.24510000,1.26346000,1.25945444,1.29029731,1.30636365,1.32781779,37.34698429
2022.05.05 00:00:00,1.26261000,1.26333000,1.23250000,1.23613000,1.25415778,1.28733000,1.30400981,1.32695087,28.68547992
2022.05.06 00:00:00,1.23580000,1.23801000,1.22756000,1.23353000,1.24966778,1.28425269,1.30168769,1.32610500,28.52694133
2022.05.09 00:00:00,1.23415000,1.24061000,1.22606000,1.23304000,1.24696889,1.28125038,1.29967615,1.32524087,27.94281249
2022.05.10 00:00:00,1.23299000,1.23759000,1.22912000,1.23145000,1.24441778,1.27817577,1.29757000,1.32433000,27.42726662
2022.05.11 00:00:00,1.23122000,1.24001000,1.22373000,1.22490000,1.24210222,1.27500885,1.29532212,1.32329817,25.48178530
2022.05.12 00:00:00,1.22439000,1.22517000,1.21647000,1.22007000,1.23792667,1.27168154,1.29316212,1.32230269,24.28322486
2022.05.13 00:00:00,1.21996000,1.22599000,1.21552000,1.22586000,1.23536000,1.26854346,1.29095808,1.32139106,28.36234752
2022.05.16 00:00:00,1.22388000,1.23296000,1.22171000,1.23214000,1.23339778,1.26580654,1.28898596,1.32048481,33.67573323
2022.05.17 00:00:00,1.23180000,1.24986000,1.23121000,1.24910000,1.23180222,1.26373615,1.28755846,1.31965625,44.54731141
2022.05.18 00:00:00,1.24881000,1.25007000,1.23299000,1.23400000,1.23156556,1.26119923,1.28609038,1.31862654,38.54951268
2022.05.19 00:00:00,1.23386000,1.25247000,1.23339000,1.24678000,1.23303778,1.25870423,1.28487481,1.31773288,45.20021633
2022.05.20 00:00:00,1.24636000,1.25000000,1.24371000,1.24907000,1.23481889,1.25645577,1.28354981,1.31681962,45.79270852
2022.05.23 00:00:00,1.24746000,1.26008000,1.24727000,1.25865000,1.23784111,1.25463192,1.28259096,1.31600750,50.70660035
2022.05.24 00:00:00,1.25783000,1.25989000,1.24712000,1.25317000,1.24098222,1.25277962,1.28162019,1.31508740,48.43045357
2022.05.25 00:00:00,1.25294000,1.25905000,1.24810000,1.25734000,1.24512333,1.25115077,1.28079231,1.31419625,50.45152079
2022.05.26 00:00:00,1.25710000,1.26209000,1.25513000,1.26031000,1.24895111,1.24936769,1.27995769,1.31329452,51.98562601
2022.05.27 00:00:00,1.26023000,1.26669000,1.25782000,1.26289000,1.25236778,1.24782769,1.27896404,1.31247750,52.68496906
2022.05.30 00:00:00,1.26182000,1.26595000,1.26162000,1.26502000,1.25413667,1.24710538,1.27800442,1.31163327,54.21067354
2022.05.31 00:00:00,1.26472000,1.26533000,1.25602000,1.26013000,1.25704000,1.24657423,1.27689865,1.31071731,51.21509685
2022.06.01 00:00:00,1.25976000,1.26163000,1.24585000,1.24850000,1.25723111,1.24623462,1.27559231,1.30971115,45.08396506
2022.06.02 00:00:00,1.24837000,1.25864000,1.24686000,1.25763000,1.25818222,1.24635846,1.27427731,1.30873596,50.07457841
2022.06.03 00:00:00,1.25724000,1.25894000,1.24849000,1.24854000,1.25705889,1.24646615,1.27289846,1.30768712,45.78664999
2022.06.06 00:00:00,1.24869000,1.25770000,1.24755000,1.25296000,1.25703556,1.24628577,1.27164269,1.30662519,48.24551964
2022.06.07 00:00:00,1.25308000,1.25995000,1.24300000,1.25902000,1.25722222,1.24667269,1.27050154,1.30555750,51.31522363
2022.06.08 00:00:00,1.25879000,1.25974000,1.25131000,1.25336000,1.25645000,1.24680962,1.26943231,1.30443106,48.25018256
2022.06.09 00:00:00,1.25313000,1.25585000,1.24872000,1.24912000,1.25492000,1.24625808,1.26827769,1.30328856,45.98703562
2022.06.10 00:00:00,1.24881000,1.25177000,1.23011000,1.23103000,1.25114333,1.24606192,1.26669596,1.30200548,38.40842285
2022.06.13 00:00:00,1.23150000,1.23197000,1.21063000,1.21328000,1.24593778,1.24528308,1.26476788,1.30060048,32.04432173
2022.06.14 00:00:00,1.21283000,1.22077000,1.19334000,1.19961000,1.24050556,1.24399731,1.26262385,1.29904750,28.48017467
2022.06.15 00:00:00,1.19952000,1.22046000,1.19873000,1.21786000,1.23608667,1.24347462,1.26082519,1.29768240,38.58532377
2022.06.16 00:00:00,1.21784000,1.24060000,1.20410000,1.23491000,1.23457222,1.24385962,1.25943423,1.29652644,46.14978418
2022.06.17 00:00:00,1.23470000,1.23666000,1.21722000,1.22173000,1.23110222,1.24392346,1.25780250,1.29530558,41.81682570
2022.06.20 00:00:00,1.22150000,1.22802000,1.21985000,1.22508000,1.22733111,1.24389346,1.25621846,1.29410202,43.24752397
2022.06.21 00:00:00,1.22480000,1.23240000,1.22405000,1.22790000,1.22450222,1.24373038,1.25476846,1.29296423,44.32403234
2022.06.22 00:00:00,1.22716000,1.23146000,1.21609000,1.22621000,1.22195667,1.24285000,1.25329308,1.29188760,43.82642605
2022.06.23 00:00:00,1.22584000,1.22947000,1.21695000,1.22612000,1.22141111,1.24254692,1.25187308,1.29079817,43.87302409
2022.06.24 00:00:00,1.22597000,1.23211000,1.22401000,1.22714000,1.22295111,1.24179154,1.25024788,1.28966904,44.14310133
2022.06.27 00:00:00,1.22639000,1.23322000,1.22378000,1.22654000,1.22594333,1.24092500,1.24869038,1.28846077,44.16711410
2022.06.28 00:00:00,1.22645000,1.22913000,1.21807000,1.21817000,1.22597778,1.23936808,1.24700000,1.28711971,40.44673446
2022.06.29 00:00:00,1.21812000,1.22126000,1.21057000,1.21206000,1.22343889,1.23778692,1.24528327,1.28570077,37.91466041
2022.06.30 00:00:00,1.21199000,1.21883000,1.20918000,1.21778000,1.22300000,1.23626538,1.24370808,1.28440298,41.37199929
2022.07.01 00:00:00,1.21725000,1.21775000,1.19755000,1.20932000,1.22124889,1.23430423,1.24183596,1.28301606,38.55027520
2022.07.04 00:00:00,1.21009000,1.21651000,1.20839000,1.21040000,1.21930444,1.23228538,1.24005654,1.28163173,38.92777651
2022.07.05 00:00:00,1.21064000,1.21253000,1.18985000,1.19562000,1.21590556,1.22961615,1.23836077,1.28011567,32.98072483
2022.07.06 00:00:00,1.19541000,1.19895000,1.18756000,1.19227000,1.21214444,1.22700615,1.23679019,1.27854433,31.78513632
2022.07.07 00:00:00,1.19192000,1.20296000,1.19082000,1.20208000,1.20936000,1.22522077,1.23572769,1.27706413,38.56922812
2022.07.08 00:00:00,1.20196000,1.20561000,1.19191000,1.20333000,1.20678111,1.22313231,1.23474538,1.27562481,38.62574012
2022.07.11 00:00:00,1.20150000,1.20363000,1.18664000,1.18913000,1.20355444,1.22084731,1.23365673,1.27404231,33.74965156
2022.07.12 00:00:00,1.18870000,1.19159000,1.18074000,1.18861000,1.20094889,1.21837231,1.23232904,1.27241000,33.60642311
2022.07.13 00:00:00,1.18832000,1.19674000,1.18271000,1.18894000,1.19774444,1.21567692,1.23117481,1.27075019,33.84584915
2022.07.14 00:00:00,1.18865000,1.18919000,1.17599000,1.18240000,1.19475333,1.21294769,1.22987865,1.26904990,31.34361099
2022.07.15 00:00:00,1.18212000,1.18746000,1.18039000,1.18632000,1.19207778,1.21053231,1.22839519,1.26737942,34.75771797
2022.07.18 00:00:00,1.18654000,1.20333000,1.18612000,1.19513000,1.19202333,1.20915154,1.22760673,1.26580827,40.97355402
2022.07.19 00:00:00,1.19491000,1.20455000,1.19243000,1.19930000,1.19280444,1.20861385,1.22694846,1.26431808,43.94626270
2022.07.20 00:00:00,1.19933000,1.20367000,1.19533000,1.19743000,1.19228778,1.20853000,1.22626365,1.26296990,42.72919123
2022.07.21 00:00:00,1.19708000,1.20041000,1.18894000,1.19938000,1.19184889,1.20781923,1.22564692,1.26160846,44.12940105
2022.07.22 00:00:00,1.19902000,1.20637000,1.19159000,1.20048000,1.19311000,1.20649500,1.22517731,1.26024971,44.67593477
2022.07.25 00:00:00,1.19971000,1.20868000,1.19600000,1.20429000,1.19485222,1.20582423,1.22487385,1.25901798,47.86145208
2022.07.26 00:00:00,1.20400000,1.20900000,1.19636000,1.20284000,1.19639667,1.20496885,1.22443115,1.25769462,46.86033782
2022.07.27 00:00:00,1.20258000,1.21862000,1.20203000,1.21558000,1.20008333,1.20449500,1.22411269,1.25654933,55.65282716
2022.07.28 00:00:00,1.21529000,1.21916000,1.21031000,1.21782000,1.20358333,1.20417231,1.22351115,1.25553481,57.12974862
2022.07.29 00:00:00,1.21770000,1.22456000,1.20631000,1.21822000,1.20614889,1.20386846,1.22320769,1.25464904,56.22317130
2022.08.01 00:00:00,1.21680000,1.22934000,1.21550000,1.22483000,1.20898556,1.20377962,1.22278558,1.25383019,61.18998972
2022.08.02 00:00:00,1.22451000,1.22786000,1.21581000,1.21647000,1.21110111,1.20339231,1.22215865,1.25285423,54.52458985
2022.08.03 00:00:00,1.21652000,1.22078000,1.20998000,1.21462000,1.21279444,1.20325577,1.22131192,1.25195144,52.64735276
2022.08.04 00:00:00,1.21412000,1.22165000,1.20644000,1.21586000,1.21450333,1.20340192,1.22059442,1.25110731,53.63407594
2022.08.05 00:00:00,1.21552000,1.21689000,1.20033000,1.20730000,1.21483778,1.20299885,1.21963212,1.25021221,46.65052651
2022.08.08 00:00:00,1.20633000,1.21379000,1.20470000,1.20806000,1.21541778,1.20295038,1.21862731,1.24929250,47.67260127
2022.08.09 00:00:00,1.20770000,1.21303000,1.20629000,1.20770000,1.21454222,1.20284654,1.21756596,1.24826500,47.39052532
2022.08.10 00:00:00,1.20736000,1.22770000,1.20644000,1.22141000,1.21494111,1.20383846,1.21672731,1.24736587,58.10662765
2022.08.11 00:00:00,1.22189000,1.22493000,1.21820000,1.22027000,1.21516889,1.20491538,1.21596077,1.24642971,56.26375845
2022.08.12 00:00:00,1.21966000,1.22170000,1.20998000,1.21354000,1.21391444,1.20535615,1.21528846,1.24544038,50.93689683
2022.08.15 00:00:00,1.21313000,1.21482000,1.20497000,1.20535000,1.21267889,1.20543385,1.21428308,1.24428019,45.36863213
2022.08.16 00:00:00,1.20524000,1.21177000,1.20076000,1.20958000,1.21211889,1.20622038,1.21353385,1.24321615,48.54433940
2022.08.17 00:00:00,1.20939000,1.21433000,1.20278000,1.20471000,1.21088000,1.20683962,1.21260596,1.24212433,45.14571199
2022.08.18 00:00:00,1.20442000,1.20796000,1.19223000,1.19295000,1.20928556,1.20699385,1.21133538,1.24091846,38.39483524
2022.08.19 00:00:00,1.19279000,1.19356000,1.17918000,1.18253000,1.20644889,1.20699885,1.20997327,1.23970279,33.63177632
2022.08.22 00:00:00,1.18254000,1.18366000,1.17419000,1.17657000,1.20299000,1.20662385,1.20857808,1.23842788,31.12456292
2022.08.23 00:00:00,1.17639000,1.18777000,1.17171000,1.18334000,1.19876000,1.20617038,1.20766096,1.23717846,36.57392798
2022.08.24 00:00:00,1.18291000,1.18382000,1.17557000,1.17964000,1.19424556,1.20541423,1.20701404,1.23589096,34.95319602
2022.08.25 00:00:00,1.17932000,1.18644000,1.17832000,1.18322000,1.19087667,1.20486769,1.20669885,1.23466135,38.02165205
2022.08.26 00:00:00,1.18318000,1.19008000,1.17330000,1.17376000,1.18736667,1.20388231,1.20585077,1.23333798,33.30720812
2022.08.29 00:00:00,1.17286000,1.17441000,1.16481000,1.17090000,1.18306889,1.20274462,1.20461981,1.23202702,32.34030421
2022.08.30 00:00:00,1.17056000,1.17605000,1.16213000,1.16544000,1.17870556,1.20125038,1.20353731,1.23066990,29.92588722
2022.08.31 00:00:00,1.16462000,1.16935000,1.15989000,1.16207000,1.17527444,1.19968231,1.20232558,1.22927202,28.83304880
2022.09.01 00:00:00,1.16181000,1.16209000,1.14987000,1.15443000,1.17215222,1.19733038,1.20091269,1.22784058,26.06969620
2022.09.02 00:00:00,1.15420000,1.15887000,1.14956000,1.15122000,1.16933556,1.19476885,1.19947058,1.22638183,23.99704993
2022.09.05 00:00:00,1.14806000,1.15213000,1.14432000,1.15167000,1.16581667,1.19220923,1.19803885,1.22495596,25.50570438
2022.09.06 00:00:00,1.15161000,1.16090000,1.14936000,1.15185000,1.16272889,1.18940231,1.19659096,1.22341942,25.55623565
2022.09.07 00:00:00,1.15143000,1.15395000,1.14049000,1.15332000,1.15940667,1.18697346,1.19518288,1.22193663,27.38124210
2022.09.08 00:00:00,1.15318000,1.15607000,1.14599000,1.15012000,1.15678000,1.18449269,1.19387423,1.22043712,25.85611590
2022.09.09 00:00:00,1.14972000,1.16480000,1.14966000,1.15861000,1.15541444,1.18229077,1.19284635,1.21906481,39.42567564
2022.09.12 00:00:00,1.16259000,1.17106000,1.16002000,1.16808000,1.15570778,1.18078231,1.19189058,1.21779933,44.11666786
2022.09.13 00:00:00,1.16809000,1.17381000,1.14915000,1.14921000,1.15427889,1.17851885,1.19073462,1.21628529,34.27331947
2022.09.14 00:00:00,1.14916000,1.15896000,1.14795000,1.15392000,1.15422222,1.17645038,1.18964846,1.21485250,37.81242407
2022.09.15 00:00:00,1.15353000,1.15551000,1.14615000,1.14685000,1.15373667,1.17358269,1.18871058,1.21353567,34.61438514
2022.09.16 00:00:00,1.14637000,1.14803000,1.13505000,1.14226000,1.15269111,1.17058231,1.18774885,1.21226952,32.48211993
2022.09.19 00:00:00,1.14126000,1.14416000,1.13553000,1.14322000,1.15173222,1.16787769,1.18661692,1.21117231,33.57910674
2022.09.20 00:00:00,1.14290000,1.14606000,1.13573000,1.13799000,1.15002889,1.16528692,1.18536038,1.21005288,31.31242951
2022.09.21 00:00:00,1.13765000,1.13841000,1.12357000,1.12682000,1.14744000,1.16210385,1.18416212,1.20890942,27.13465777
2022.09.22 00:00:00,1.12650000,1.13644000,1.12114000,1.12539000,1.14374889,1.15905308,1.18294635,1.20763769,27.12096661
2022.09.23 00:00:00,1.12576000,1.12741000,1.08387000,1.08448000,1.13446000,1.15488115,1.18093750,1.20605615,16.43822745
2022.09.26 00:00:00,1.07979000,1.09296000,1.03525000,1.06896000,1.12554333,1.15051308,1.17875596,1.20431731,14.80922242
2022.09.27 00:00:00,1.06771000,1.08373000,1.06486000,1.07290000,1.11654111,1.14652577,1.17657481,1.20248500,17.83366699
2022.09.28 00:00:00,1.07285000,1.09152000,1.05389000,1.08880000,1.11009111,1.14288962,1.17453000,1.20106837,28.30120648
2022.09.29 00:00:00,1.08861000,1.11191000,1.07618000,1.11163000,1.10668778,1.14027385,1.17284404,1.19989625,39.97747797
2022.09.30 00:00:00,1.11099000,1.12340000,1.10247000,1.11541000,1.10359778,1.13766577,1.17126673,1.19876519,42.40350193
2022.10.03 00:00:00,1.11651000,1.13340000,1.10855000,1.13224000,1.10295889,1.13606885,1.16997558,1.19781125,48.75894384
2022.10.04 00:00:00,1.13188000,1.14889000,1.12800000,1.14738000,1.10524333,1.13516423,1.16895442,1.19706587,54.11091488
2022.10.05 00:00:00,1.14706000,1.14954000,1.12269000,1.13253000,1.10603667,1.13389846,1.16757442,1.19622413,48.74491923
2022.10.06 00:00:00,1.13225000,1.13829000,1.11127000,1.11577000,1.10951333,1.13211769,1.16590000,1.19516558,43.51387805
2022.10.07 00:00:00,1.11557000,1.12248000,1.10551000,1.10859000,1.11391667,1.13035462,1.16384250,1.19397760,41.57063438
2022.10.10 00:00:00,1.10874000,1.11105000,1.10195000,1.10541000,1.11752889,1.12859269,1.16168077,1.19259596,40.65264324
2022.10.11 00:00:00,1.10555000,1.11794000,1.09519000,1.09668000,1.11840444,1.12647769,1.15934346,1.19127558,37.98169417
2022.10.12 00:00:00,1.09627000,1.11334000,1.09227000,1.10983000,1.11820444,1.12486154,1.15713192,1.18995875,43.70359937
2022.10.13 00:00:00,1.10983000,1.13798000,1.10572000,1.13227000,1.12007778,1.12405192,1.15551269,1.18883567,51.30539093
2022.10.14 00:00:00,1.13105000,1.13658000,1.11517000,1.11777000,1.11847000,1.12280769,1.15365019,1.18748106,48.51601868
2022.10.17 00:00:00,1.12198000,1.14398000,1.12071000,1.13582000,1.11718556,1.12193115,1.15211096,1.18635269,52.50802404
2022.10.18 00:00:00,1.13502000,1.14096000,1.12551000,1.13218000,1.11714667,1.12055038,1.15066635,1.18514923,51.26349630
2022.10.19 00:00:00,1.13130000,1.13580000,1.11845000,1.12166000,1.11780111,1.11949077,1.14900481,1.18381606,48.11018355
2022.10.20 00:00:00,1.12158000,1.13360000,1.11709000,1.12352000,1.11946000,1.11832154,1.14738596,1.18247596,48.69381180
2022.10.21 00:00:00,1.12326000,1.13143000,1.10601000,1.12928000,1.12211222,1.11764577,1.14561423,1.18117077,54.03664199
2022.10.24 00:00:00,1.13857000,1.14063000,1.12574000,1.12768000,1.12555667,1.11708500,1.14383365,1.17989721,50.01226900
2022.10.25 00:00:00,1.12712000,1.14988000,1.12695000,1.14694000,1.12968000,1.11722808,1.14255288,1.17892067,56.81314977
2022.10.26 00:00:00,1.14683000,1.16382000,1.14300000,1.16268000,1.13305889,1.11817769,1.14173231,1.17800769,60.92025462
2022.10.27 00:00:00,1.16162000,1.16447000,1.15485000,1.15630000,1.13734000,1.11931154,1.14070769,1.17712077,58.45485296
2022.10.28 00:00:00,1.15574000,1.16232000,1.15031000,1.16137000,1.14017889,1.12069538,1.13987423,1.17624010,58.97584462
2022.10.31 00:00:00,1.15869000,1.16134000,1.14598000,1.14658000,1.14177889,1.12308385,1.13898250,1.17515894,54.05630690
2022.11.01 00:00:00,1.14658000,1.15661000,1.14368000,1.14877000,1.14479111,1.12615346,1.13833327,1.17415327,54.62757455
2022.11.02 00:00:00,1.14839000,1.15644000,1.13870000,1.13892000,1.14650222,1.12869269,1.13760923,1.17309365,50.81323759
2022.11.03 00:00:00,1.13882000,1.14217000,1.11512000,1.11598000,1.14502444,1.12973808,1.13631385,1.17198740,43.09508050
2022.11.04 00:00:00,1.11600000,1.13816000,1.11469000,1.13733000,1.14609667,1.13072654,1.13550019,1.17125712,48.56408242
2022.11.07 00:00:00,1.13094000,1.15413000,1.12899000,1.15133000,1.14658444,1.13210808,1.13488692,1.17079288,54.76051540
2022.11.08 00:00:00,1.15102000,1.15987000,1.14295000,1.15428000,1.14565111,1.13295577,1.13451231,1.17018154,55.47837644
2022.11.09 00:00:00,1.15362000,1.15663000,1.13333000,1.13549000,1.14333889,1.13249846,1.13383135,1.16922558,49.18591954
2022.11.10 00:00:00,1.13519000,1.17309000,1.13504000,1.17139000,1.14445222,1.13399308,1.13394577,1.16874154,58.68515838
2022.11.11 00:00:00,1.17035000,1.18548000,1.16467000,1.18317000,1.14851778,1.13658538,1.13435154,1.16833856,60.67672849
2022.11.14 00:00:00,1.18043000,1.18283000,1.17094000,1.17573000,1.15151333,1.13916769,1.13476115,1.16783692,58.98027765
2022.11.15 00:00:00,1.17543000,1.20290000,1.17403000,1.18651000,1.15680111,1.14228692,1.13543981,1.16745519,61.43966900
2022.11.16 00:00:00,1.18615000,1.19418000,1.18307000,1.19133000,1.16517333,1.14592731,1.13620250,1.16712067,62.48825924
2022.11.17 00:00:00,1.19088000,1.19576000,1.17624000,1.18610000,1.17059222,1.14886077,1.13686115,1.16672606,60.63105422
2022.11.18 00:00:00,1.18605000,1.19506000,1.18568000,1.18841000,1.17471222,1.15102000,1.13753596,1.16635942,61.54402142
2022.11.21 00:00:00,1.18952000,1.18967000,1.17779000,1.18233000,1.17782889,1.15350308,1.13815538,1.16601481,58.46368874
2022.11.22 00:00:00,1.18169000,1.19022000,1.18164000,1.18831000,1.18369778,1.15552192,1.13872654,1.16578644,60.45423919
2022.11.23 00:00:00,1.18832000,1.20807000,1.18725000,1.20533000,1.18746889,1.15833538,1.13944288,1.16566673,64.75578048
2022.11.24 00:00:00,1.20497000,1.21533000,1.20466000,1.21164000,1.19063222,1.16179615,1.14064346,1.16568904,66.08678798
2022.11.25 00:00:00,1.21092000,1.21275000,1.20574000,1.20913000,1.19434333,1.16508885,1.14170519,1.16567683,64.00840753
2022.11.28 00:00:00,1.20668000,1.21179000,1.19400000,1.19554000,1.19534667,1.16763731,1.14264154,1.16567606,58.92504339
2022.11.29 00:00:00,1.19541000,1.20641000,1.19446000,1.19518000,1.19577444,1.17023346,1.14365923,1.16570404,58.65035983
2022.11.30 00:00:00,1.19482000,1.20865000,1.18997000,1.20551000,1.19793111,1.17248615,1.14485712,1.16573702,62.03268701
2022.12.01 00:00:00,1.20555000,1.23102000,1.20486000,1.22552000,1.20205444,1.17490308,1.14654038,1.16595038,67.11413128
2022.12.02 00:00:00,1.22512000,1.22993000,1.21341000,1.22901000,1.20724111,1.17769962,1.14850558,1.16633385,67.28076738
2022.12.05 00:00:00,1.22737000,1.23438000,1.21611000,1.21907000,1.21065889,1.17991885,1.15030712,1.16662673,62.99944810
2022.12.06 00:00:00,1.21866000,1.22691000,1.21273000,1.21318000,1.21153111,1.18248038,1.15278212,1.16685981,60.29709419
2022.12.07 00:00:00,1.21296000,1.22343000,1.21062000,1.22035000,1.21249889,1.18523346,1.15569346,1.16722471,62.48382820
2022.12.08 00:00:00,1.22017000,1.22469000,1.21546000,1.22363000,1.21411000,1.18849154,1.15859212,1.16758346,63.35870089
